degree,features,ols_tr_mse,ols_tr_r2,ols_val_mse,ols_val_r2,ridge_tr_mse,ridge_tr_r2,ridge_val_mse,ridge_val_r2
1,4,35.74492880528988,0.25043993964656674,36.128689427027474,0.23023157785059203,35.74494615234191,0.250439575940823,36.12836757156291,0.23025508406448303
2,10,22.540170455294792,0.5272902088893922,23.23420661551731,0.5002537357030251,22.540203600742224,0.5272895138062991,23.233838727852472,0.5002834391054392
3,20,11.864346073607578,0.7511703282134123,12.920887277595924,0.7202492472550606,11.865437991885447,0.75114742814451,12.917646743987428,0.7203658311597677
4,35,3.588517098996636,0.9247270980505732,4.054976232137064,0.9110804559130953,3.5914327884090547,0.9246659334710603,4.060406152022555,0.91097905090789
5,56,1.3298010375624665,0.9721092527576145,1.5752654507793018,0.9657667937530034,1.3414061400821868,0.9718656774289902,1.589884541963948,0.9654025658048916
6,84,0.46353998965166954,0.9902775606741239,0.5933638102325215,0.9871300229262939,0.4961340902059132,0.9895939976934628,0.6212451130332706,0.9865271652270258
7,120,0.23793750491869262,0.9950096522469141,0.32724977200294675,0.992886844364843,0.2777079792784278,0.9941758667076785,0.3632913520955422,0.9921737823344345
8,165,0.1563567361265959,0.9967206304804892,0.24540307183307325,0.9946809634075697,0.1951761393284826,0.9959064371244197,0.26495893305306745,0.9942521651497163
9,220,0.13777836144731817,0.9971101191503493,0.259410666690586,0.9943220637105048,0.1719643763888429,0.9963931265857171,0.23938203505054748,0.9947810720795618
10,286,0.12090730593126411,0.9974639917815219,0.3425885850994098,0.9926279799773505,0.15494034338073592,0.9967502468738572,0.2237527008311905,0.9951227590795506
11,364,0.10679551436992056,0.9977599205256797,0.5395617193225989,0.9886712927804752,0.14901033220772394,0.9968746176903345,0.2227395260346575,0.9951388899370581
12,455,0.08512483341745762,0.9982140238243972,0.6282203976073559,0.9849925453480115,0.14311769864366775,0.9969982582500867,0.22388751284141112,0.9951271568562541
13,560,0.06346528106118579,0.9986687256042494,2.136020713368245,0.952599763480747,0.13914960765704698,0.9970814782660243,0.22614487748887804,0.9950767185657756
14,680,0.03939662185381435,0.9991735802462474,37.72725610834619,0.21433159661477114,0.13558811900961867,0.9971561755391194,0.23172643979323126,0.9949629548181422
15,816,0.01399970606549022,0.9997059851622891,3783.1480295888264,-77.79603010169134,0.13246749271112807,0.9972216261495468,0.2371738051400917,0.9948502079368062
